{
  "21-9": [
    3682.7138671875,
    250.69371032714844,
    -3523.624755859375
  ],
  "16-4": [
    4098.39990234375,
    40.29210662841797,
    -2343.135986328125
  ],
  "6-2": [
    1137.0035400390625,
    408.0660400390625,
    -1138.3153076171875
  ],
  "19-9": [
    2776.740478515625,
    166.3944854736328,
    -4743.41796875
  ],
  "12-12": [
    2155.5,
    184.75726318359375,
    -3238.837890625
  ],
  "7-9": [
    2725.94384765625,
    126.64124298095703,
    -1356.868408203125
  ],
  "14-7": [
    4063.61962890625,
    174.99179077148438,
    -3204.710693359375
  ],
  "12-16": [
    1692.9822998046875,
    155.56199645996094,
    -3032.88037109375
  ],
  "8-15": [
    3119.893798828125,
    110.41221618652344,
    -1932.7418212890625
  ],
  "15-4": [
    3286.61376953125,
    136.53489685058594,
    -2210.962646484375
  ],
  "7-2": [
    3162.503662109375,
    117.25439453125,
    -1504.7491455078125
  ],
  "1-7": [
    2757.51611328125,
    53.00542068481445,
    -947.4797973632812
  ],
  "1-8": [
    2940.730712890625,
    51.828392028808594,
    -891.1803588867188
  ],
  "1-11": [
    2697.370361328125,
    74.76914978027344,
    -1060.09716796875
  ],
  "4-5": [
    1553.404296875,
    102.5262222290039,
    -1469.782958984375
  ],
  "4-1": [
    1899.160400390625,
    131.08920288085938,
    -1732.433837890625
  ],
  "6-5": [
    679.8595581054688,
    303.43792724609375,
    -1165.469482421875
  ],
  "6-1": [
    1215.52001953125,
    439.1628723144531,
    -1254.981689453125
  ],
  "9-14": [
    978.5487670898438,
    231.2777099609375,
    -1449.6282958984375
  ],
  "5-8": [
    1159.606689453125,
    103.91116333007812,
    -1402.3223876953125
  ],
  "4-9": [
    1475.571533203125,
    124.27598571777344,
    -1911.5458984375
  ],
  "9-4": [
    1083.068359375,
    191.49609375,
    -2092.9482421875
  ],
  "9-1": [
    703.1109619140625,
    317.58984375,
    -2202.5263671875
  ],
  "9-16": [
    554.13818359375,
    309.96929931640625,
    -2122.413330078125
  ],
  "9-6": [
    1288.543212890625,
    236.87100219726562,
    -2472.98583984375
  ],
  "10-5": [
    967.3399047851562,
    154.0867462158203,
    -2576.123779296875
  ],
  "10-2": [
    934.2491455078125,
    154.18565368652344,
    -3069.734130859375
  ],
  "11-3": [
    458.5235290527344,
    28.70948600769043,
    -3199.963134765625
  ],
  "10-9": [
    408.50433349609375,
    153.78384399414062,
    -2811.291259765625
  ],
  "11-6": [
    914.6806640625,
    69.37954711914062,
    -3468.398681640625
  ],
  "11-5": [
    641.4882202148438,
    52.14754104614258,
    -3602.66015625
  ],
  "12-3": [
    1730.2315673828125,
    102.7404556274414,
    -3720.3984375
  ],
  "18-10": [
    1640.6337890625,
    134.85496520996094,
    -4364.7109375
  ],
  "18-9": [
    1505.6724853515625,
    107.27595520019531,
    -4404.1611328125
  ],
  "19-2": [
    2076.33056640625,
    197.01681518554688,
    -4451.93408203125
  ],
  "20-6": [
    1968.591552734375,
    107.09345245361328,
    -4706.95263671875
  ],
  "20-7": [
    1889.7476806640625,
    27.639942169189453,
    -4804.30712890625
  ],
  "20-4": [
    2403.93310546875,
    39.13029861450195,
    -4737.60986328125
  ],
  "19-10": [
    2553.3095703125,
    459.0953369140625,
    -3786.40283203125
  ],
  "17-10": [
    3060.15576171875,
    529.2732543945312,
    -3662.169677734375
  ],
  "17-8": [
    3304.818359375,
    457.1964416503906,
    -3818.607421875
  ],
  "19-5": [
    2518.13037109375,
    312.2546691894531,
    -4326.14111328125
  ],
  "19-5_": [
    3287.599853515625,
    409.3759460449219,
    -4118.67822265625
  ],
  "19-8": [
    2933.6494140625,
    294.987548828125,
    -4489.7802734375
  ],
  "21-10": [
    3438.7041015625,
    200.2812957763672,
    -3585.455810546875
  ],
  "13-2": [
    3415.8193359375,
    165.1154327392578,
    -3544.62744140625
  ],
  "13-1": [
    3528.427001953125,
    165.16822814941406,
    -3542.313232421875
  ],
  "21-5": [
    3782.30908203125,
    215.0296630859375,
    -3941.70654296875
  ],
  "22-4": [
    4005.251953125,
    249.03334045410156,
    -3800.29541015625
  ],
  "22-10": [
    4043.005126953125,
    249.94529724121094,
    -3479.774169921875
  ],
  "22-9": [
    4231.9833984375,
    230.2823028564453,
    -3484.5703125
  ],
  "14-9": [
    3733.7158203125,
    152.13026428222656,
    -2826.691162109375
  ],
  "14-6": [
    4079.509521484375,
    151.98397827148438,
    -3084.779296875
  ],
  "15-1": [
    3505.80029296875,
    114.15591430664062,
    -2305.112548828125
  ],
  "15-2": [
    3370.668701171875,
    131.46180725097656,
    -2432.503173828125
  ],
  "16-8": [
    3549.198486328125,
    116.0923080444336,
    -2506.169677734375
  ],
  "16-6": [
    4020.930908203125,
    28.21793556213379,
    -2547.00537109375
  ],
  "5-3": [
    2140.05029296875,
    154.71087646484375,
    -1307.365966796875
  ],
  "5-1": [
    1868.1063232421875,
    123.81390380859375,
    -1160.320556640625
  ],
  "7-1": [
    3260.0517578125,
    139.03958129882812,
    -1664.84716796875
  ],
  "8-7": [
    2870.009521484375,
    149.5354461669922,
    -1747.124755859375
  ],
  "8-5": [
    2897.840087890625,
    135.16934204101562,
    -1629.7481689453125
  ],
  "9-5": [
    949.016357421875,
    205.28765869140625,
    -2092.015869140625
  ],
  "13-3": [
    3214.967041015625,
    164.55772399902344,
    -3475.13232421875
  ],
  "15-9": [
    4449.3818359375,
    39.88765335083008,
    -1995.7310791015625
  ],
  "15-8": [
    4346.45703125,
    101.91188049316406,
    -2056.72216796875
  ],
  "15-5": [
    4090.06982421875,
    78.72682189941406,
    -2140.98193359375
  ],
  "18-3": [
    538.864990234375,
    59.06913757324219,
    -4296.1669921875
  ],
  "17-6": [
    2287.58544921875,
    273.86834716796875,
    -3155.218017578125
  ],
  "5-17": [
    1932.8270263671875,
    62.656211853027344,
    -866.1071166992188
  ],
  "9-8": [
    1090.183349609375,
    282.9974365234375,
    -2287.44775390625
  ],
  "13-5": [
    3117.244140625,
    138.7787628173828,
    -3314.323486328125
  ],
  "4-3": [
    1790.699462890625,
    170.19273376464844,
    -1969.0260009765625
  ],
  "11-11": [
    1420.3660888671875,
    107.86859893798828,
    -3378.29833984375
  ],
  "11-4": [
    575.8120727539062,
    27.262725830078125,
    -3590.307373046875
  ],
  "6-9": [
    756.291015625,
    277.506103515625,
    -1449.158935546875
  ],
  "6-10": [
    705.9667358398438,
    49.61960220336914,
    -1508.3389892578125
  ],
  "6-7": [
    697.6875610351562,
    289.4073791503906,
    -1282.9647216796875
  ],
  "15-11": [
    3075.80908203125,
    170.83840942382812,
    -2082.50830078125
  ],
  "1-6": [
    2706.399658203125,
    38.40924072265625,
    -896.2372436523438
  ],
  "1-9": [
    2903.0771484375,
    43.3607292175293,
    -956.45458984375
  ],
  "4-7": [
    1630.3037109375,
    123.85369110107422,
    -1501.316650390625
  ],
  "5-5": [
    1704.212890625,
    99.97447204589844,
    -1272.4688720703125
  ],
  "5-2": [
    2001.416259765625,
    123.07888793945312,
    -1167.27392578125
  ],
  "7-13": [
    3221.201171875,
    50.31945037841797,
    -1203.0789794921875
  ],
  "7-8": [
    2745.7978515625,
    89.88677215576172,
    -1133.404296875
  ],
  "8-4": [
    2845.95947265625,
    116.14042663574219,
    -1648.4124755859375
  ],
  "8-8": [
    2858.086181640625,
    153.32460021972656,
    -1715.0218505859375
  ],
  "9-11": [
    1519.597412109375,
    202.5296173095703,
    -2222.856689453125
  ],
  "9-7": [
    1037.7032470703125,
    157.78436279296875,
    -1760.611083984375
  ],
  "9-9": [
    1122.1995849609375,
    247.47457885742188,
    -2442.93115234375
  ],
  "9-7_": [
    1612.12646484375,
    194.54722595214844,
    -3009.384033203125
  ],
  "10-8": [
    709.9904174804688,
    151.18959045410156,
    -2633.322021484375
  ],
  "10-6": [
    968.0906372070312,
    205.7713623046875,
    -2746.34375
  ],